{
  "timestamp": "2025-12-06T00:44:24",
  "targets": [
    "Recommended_Calories",
    "Protein_Intake",
    "Carbohydrate_Intake",
    "Fat_Intake"
  ],
  "metrics": {
    "Recommended_Calories": {
      "MAE": 105.15201763515093,
      "RMSE": 124.23161870016934,
      "R2": 0.9657019341705357
    },
    "Protein_Intake": {
      "MAE": 7.330537581375138,
      "RMSE": 8.79293125704913,
      "R2": 0.9602321269051307
    },
    "Carbohydrate_Intake": {
      "MAE": 23.516770542389008,
      "RMSE": 28.37350135123429,
      "R2": 0.8910544550887751
    },
    "Fat_Intake": {
      "MAE": 7.409020237003997,
      "RMSE": 8.739850357091628,
      "R2": 0.9465063472258775
    }
  }
}